,User votes
0,"27,192 votes"
1,"1,815 votes"
2,"5,444 votes"
3,142 votes
4,"2,614 votes"
5,"3,748 votes"
6,"16,593 votes"
7,67 votes
8,"1,895 votes"
9,"16,011 votes"
10,"4,708 votes"
11,320 votes
12,"6,375 votes"
13,"2,664 votes"
14,"10,301 votes"
15,"2,191 votes"
16,143 votes
17,"1,303 votes"
18,"7,773 votes"
19,"29,158 votes"
20,"3,675 votes"
21,"8,873 votes"
22,"4,695 votes"
23,"2,392 votes"
24,"4,349 votes"
25,"1,760 votes"
26,"3,271 votes"
27,"8,218 votes"
28,"1,329 votes"
29,"36,628 votes"
30,569 votes
31,"1,252 votes"
32,168 votes
33,"6,338 votes"
34,"6,138 votes"
35,"43,947 votes"
36,"4,382 votes"
37,387 votes
38,"18,701 votes"
39,"1,672 votes"
40,75 votes
41,"185,665 votes"
42,"6,504 votes"
43,"1,355 votes"
44,127 votes
45,"1,795 votes"
46,"5,589 votes"
47,"335,031 votes"
48,"9,002 votes"
49,"316,923 votes"
50,"162,980 votes"
51,"106,180 votes"
52,"67,138 votes"
53,"1,998,440 votes"
54,"92,892 votes"
55,"541,345 votes"
56,"2,621 votes"
57,"159,778 votes"
58,"218,746 votes"
59,"81,514 votes"
60,"440,517 votes"
61,"111,806 votes"
62,"502,029 votes"
63,"281,229 votes"
64,"3,512 votes"
65,"509,175 votes"
66,"104,284 votes"
67,"749,653 votes"
68,"213,834 votes"
69,"20,723 votes"
70,"97,283 votes"
71,"2,272,248 votes"
72,"1,348,031 votes"
73,"29,426 votes"
74,"750,130 votes"
75,"108,257 votes"
76,"1,496,834 votes"
77,"30,765 votes"
78,"343,277 votes"
79,"720,697 votes"
80,"256,865 votes"
81,"633,168 votes"
82,"16,099 votes"
83,"531,877 votes"
84,"127,784 votes"
85,"466,950 votes"
86,"1,144 votes"
87,"58,444 votes"
88,"233,731 votes"
89,"10,517 votes"
90,"393,724 votes"
91,"797,879 votes"
92,"21,213 votes"
93,"267,085 votes"
94,"19,584 votes"
95,"76,170 votes"
96,"289,630 votes"
97,"298,876 votes"
98,"325,684 votes"
99,"12,821 votes"
100,"231,008 votes"
101,"101,341 votes"
102,"57,339 votes"
103,"256,183 votes"
104,565 votes
105,"416,708 votes"
106,"95,293 votes"
107,"243,697 votes"
108,"5,633 votes"
109,"328,085 votes"
110,"225,553 votes"
111,"645,136 votes"
112,"46,375 votes"
113,"16,540 votes"
114,"93,001 votes"
115,"324,492 votes"
116,"627,849 votes"
117,"263,424 votes"
118,"153,257 votes"
119,"6,644 votes"
120,"81,675 votes"
121,"167,779 votes"
122,"215,914 votes"
123,"1,470 votes"
124,"524,912 votes"
125,"46,364 votes"
126,"447,113 votes"
127,"75,223 votes"
128,"166,538 votes"
129,"17,551 votes"
130,"455,771 votes"
131,"170,691 votes"
132,"267,616 votes"
133,"7,465 votes"
134,"357,853 votes"
135,"621,591 votes"
136,"567,403 votes"
137,"41,326 votes"
138,"724,882 votes"
139,"612,469 votes"
140,"93,785 votes"
141,"71,510 votes"
142,"20,701 votes"
143,"52,343 votes"
144,"3,758 votes"
145,"114,195 votes"
146,548 votes
147,"164,234 votes"
148,"2,071 votes"
149,"57,929 votes"
150,"74,619 votes"
151,"127,375 votes"
152,"157,550 votes"
153,"301,097 votes"
154,"7,136 votes"
155,"261,564 votes"
156,"279,218 votes"
157,182 votes
158,"329,677 votes"
159,"208,798 votes"
160,"394,341 votes"
161,"41,406 votes"
162,"10,788 votes"
163,"102,585 votes"
164,"3,489 votes"
165,330 votes
166,"11,305 votes"
167,"247,654 votes"
168,"72,270 votes"
169,"200,636 votes"
170,"30,935 votes"
171,"441,952 votes"
172,"18,577 votes"
173,"104,308 votes"
174,"1,811 votes"
175,"153,972 votes"
176,135 votes
177,41 votes
178,"41,333 votes"
179,"91,725 votes"
180,"196,422 votes"
181,"23,234 votes"
182,"333,919 votes"
183,"269,506 votes"
184,"128,643 votes"
185,"175,647 votes"
186,"15,042 votes"
187,"436,059 votes"
188,"4,001 votes"
189,148 votes
190,"3,161 votes"
191,"7,992 votes"
192,"242,926 votes"
193,"28,871 votes"
194,"6,394 votes"
195,"3,535 votes"
196,"23,013 votes"
197,"463,783 votes"
198,"41,894 votes"
199,"297,999 votes"
200,224 votes
201,"392,704 votes"
202,248 votes
203,"142,408 votes"
204,"94,379 votes"
205,"9,642 votes"
206,"120,719 votes"
207,"15,700 votes"
208,"140,872 votes"
209,"72,212 votes"
210,"19,513 votes"
211,"138,133 votes"
212,193 votes
213,895 votes
214,"73,099 votes"
215,320 votes
216,246 votes
217,"1,246 votes"
218,"474,716 votes"
219,73 votes
220,"699,035 votes"
221,201 votes
222,"25,284 votes"
223,"4,764 votes"
224,"27,853 votes"
225,"263,794 votes"
226,720 votes
227,"38,546 votes"
228,"19,534 votes"
229,"52,656 votes"
230,"95,012 votes"
231,"1,237 votes"
232,"128,526 votes"
233,"92,907 votes"
234,"181,057 votes"
235,"148,381 votes"
236,"8,122 votes"
237,384 votes
238,"3,794 votes"
239,"167,248 votes"
240,"81,192 votes"
241,"44,898 votes"
242,149 votes
243,"44,963 votes"
244,"4,027 votes"
245,287 votes
246,"27,804 votes"
247,"606,201 votes"
248,"153,661 votes"
249,677 votes
250,"7,086 votes"
251,"12,483 votes"
252,"2,211 votes"
253,973 votes
254,"128,156 votes"
255,"9,954 votes"
256,"1,016 votes"
257,"3,500 votes"
258,"8,244 votes"
259,"3,962 votes"
260,"2,572 votes"
261,246 votes
262,"4,574 votes"
263,560 votes
264,"3,905 votes"
265,"2,981 votes"
266,"2,648 votes"
267,"1,345 votes"
268,"1,487 votes"
269,"3,484 votes"
270,624 votes
271,"11,314 votes"
272,"6,057 votes"
273,"2,918 votes"
274,389 votes
275,"1,328 votes"
276,220 votes
277,64 votes
278,"2,949 votes"
279,846 votes
280,"1,383 votes"
281,542 votes
282,"2,436 votes"
283,561 votes
284,"2,179 votes"
285,168 votes
286,337 votes
287,"1,411 votes"
288,"2,997 votes"
289,"2,194 votes"
290,"10,993 votes"
291,262 votes
292,"4,186 votes"
293,231 votes
294,566 votes
295,325 votes
296,428 votes
297,112 votes
298,152 votes
299,379 votes
300,200 votes
301,"2,159 votes"
302,134 votes
303,365 votes
304,"1,763 votes"
305,211 votes
306,8 votes
307,"3,092 votes"
308,779 votes
309,722 votes
310,"23,227 votes"
311,"13,674 votes"
312,275 votes
313,781 votes
314,9 votes
315,861 votes
316,"119,167 votes"
317,31 votes
318,539 votes
319,"48,960 votes"
320,263 votes
321,"35,675 votes"
322,203 votes
323,"171,451 votes"
324,"362,391 votes"
325,"1,163 votes"
326,"1,641 votes"
327,"1,022 votes"
328,265 votes
329,"5,768 votes"
330,"128,959 votes"
331,173 votes
332,537 votes
333,"103,588 votes"
334,"29,147 votes"
335,835 votes
336,"48,436 votes"
337,"40,884 votes"
338,"118,176 votes"
339,"225,067 votes"
340,"14,101 votes"
341,777 votes
342,160 votes
343,"21,806 votes"
344,"16,557 votes"
345,"19,887 votes"
346,"17,740 votes"
347,486 votes
348,22 votes
349,"247,523 votes"
350,"57,661 votes"
351,"141,880 votes"
352,"3,033 votes"
353,942 votes
354,140 votes
355,193 votes
356,"300,475 votes"
357,469 votes
358,"1,544 votes"
359,128 votes
360,"265,449 votes"
361,"683,762 votes"
362,"8,649 votes"
363,"1,575 votes"
364,"491,833 votes"
365,"45,991 votes"
366,"579,221 votes"
367,"208,662 votes"
368,"1,674 votes"
369,"16,957 votes"
370,"161,593 votes"
371,"4,367 votes"
372,"2,111 votes"
373,491 votes
374,"247,389 votes"
375,74 votes
376,"13,385 votes"
377,38 votes
378,"326,033 votes"
379,"2,414 votes"
380,"30,716 votes"
381,"25,609 votes"
382,112 votes
383,172 votes
384,"342,603 votes"
385,"8,339 votes"
386,"4,198 votes"
387,"1,549 votes"
388,211 votes
389,"1,222 votes"
390,"6,530 votes"
391,379 votes
392,"14,887 votes"
393,"226,619 votes"
394,"59,278 votes"
395,"2,195 votes"
396,"1,756 votes"
397,"34,252 votes"
398,"74,963 votes"
399,"5,677 votes"
400,"2,196 votes"
401,79 votes
402,"313,160 votes"
403,"430,231 votes"
404,33 votes
405,"3,766 votes"
406,43 votes
407,44 votes
408,"192,016 votes"
409,"1,946 votes"
410,"3,107 votes"
411,"59,316 votes"
412,"4,275 votes"
413,"133,094 votes"
414,43 votes
415,340 votes
416,171 votes
417,"32,011 votes"
418,"25,322 votes"
419,24 votes
420,"2,101 votes"
421,121 votes
422,901 votes
423,295 votes
424,"14,172 votes"
425,915 votes
426,365 votes
427,52 votes
428,947 votes
429,"1,200 votes"
430,771 votes
431,"1,680 votes"
432,42 votes
433,352 votes
434,22 votes
435,374 votes
436,"15,566 votes"
437,"39,148 votes"
438,"24,842 votes"
439,"5,119 votes"
440,"14,576 votes"
441,"30,219 votes"
442,"1,329 votes"
443,591 votes
444,"4,500 votes"
445,332 votes
446,"1,838 votes"
447,"1,756 votes"
448,"181,709 votes"
449,389 votes
450,932 votes
451,"10,448 votes"
452,"2,413 votes"
453,38 votes
454,10 votes
455,"40,755 votes"
456,"1,373 votes"
457,643 votes
458,"3,199 votes"
459,"4,976 votes"
460,32 votes
461,221 votes
462,"169,462 votes"
463,"1,278 votes"
464,"9,502 votes"
465,"24,544 votes"
466,"29,883 votes"
467,44 votes
468,"160,875 votes"
469,42 votes
470,"58,528 votes"
471,601 votes
472,210 votes
473,"2,616 votes"
474,653 votes
475,"2,261 votes"
476,160 votes
477,"1,092 votes"
478,793 votes
479,622 votes
480,"243,171 votes"
481,"62,680 votes"
482,"114,652 votes"
483,22 votes
484,"45,696 votes"
485,"41,655 votes"
486,"3,179 votes"
487,"24,750 votes"
488,"58,972 votes"
489,"3,416 votes"
490,"37,893 votes"
491,"2,341 votes"
492,420 votes
493,973 votes
494,"15,204 votes"
495,"20,906 votes"
496,"23,502 votes"
497,630 votes
498,"24,341 votes"
499,"2,262 votes"
500,"14,841 votes"
501,"2,447 votes"
502,"17,010 votes"
503,"75,313 votes"
504,"20,878 votes"
505,"17,788 votes"
506,"2,745 votes"
507,"14,384 votes"
508,198 votes
509,"12,662 votes"
510,"33,331 votes"
511,"15,006 votes"
512,"11,761 votes"
513,"27,427 votes"
514,"3,396 votes"
515,"2,114 votes"
516,"39,713 votes"
517,"1,682 votes"
518,"14,033 votes"
519,"1,196 votes"
520,"7,573 votes"
521,"21,824 votes"
522,"6,652 votes"
523,"3,675 votes"
524,"11,734 votes"
525,"9,527 votes"
526,"1,838 votes"
527,"2,588 votes"
528,921 votes
529,496 votes
530,"8,550 votes"
531,"23,605 votes"
532,"12,215 votes"
533,"4,723 votes"
534,"2,712 votes"
535,261 votes
536,"5,069 votes"
537,"6,187 votes"
538,821 votes
539,"3,894 votes"
540,"7,431 votes"
541,"14,479 votes"
542,"1,006 votes"
543,"8,086 votes"
544,"9,874 votes"
545,"11,766 votes"
546,"5,648 votes"
547,"4,523 votes"
548,"4,202 votes"
549,"1,005 votes"
550,"11,909 votes"
551,"2,702 votes"
552,"12,323 votes"
553,723 votes
554,765 votes
555,"1,655 votes"
556,"1,034 votes"
557,"2,960 votes"
558,521 votes
559,"5,603 votes"
560,"3,118 votes"
561,"1,272 votes"
562,"3,862 votes"
563,"3,275 votes"
564,"11,890 votes"
565,"2,529 votes"
566,609 votes
567,"1,822 votes"
568,"2,095 votes"
569,"8,308 votes"
570,"2,796 votes"
571,"4,288 votes"
572,"14,933 votes"
573,"3,235 votes"
574,"1,457 votes"
575,"3,330 votes"
576,801 votes
577,"4,593 votes"
578,"1,805 votes"
579,137 votes
580,44 votes
581,"4,214 votes"
582,"1,577 votes"
583,"8,404 votes"
584,126 votes
585,"1,697 votes"
586,666 votes
587,"2,851 votes"
588,"13,176 votes"
589,"5,717 votes"
590,809 votes
591,"2,096 votes"
592,709 votes
593,"4,961 votes"
594,"3,087 votes"
595,68 votes
596,"5,681 votes"
597,"8,008 votes"
598,"5,643 votes"
599,839 votes
600,"1,265 votes"
601,"2,248 votes"
602,"7,745 votes"
603,"37,585 votes"
604,"1,453 votes"
605,"1,386 votes"
606,"1,355 votes"
607,"11,256 votes"
608,"11,637 votes"
609,"1,097 votes"
610,"2,446 votes"
611,"3,869 votes"
612,512 votes
613,"6,705 votes"
614,"3,203 votes"
615,179 votes
616,"2,428 votes"
617,"4,263 votes"
618,"4,238 votes"
619,739 votes
620,688 votes
621,"1,915 votes"
622,901 votes
623,"1,287 votes"
624,"5,410 votes"
625,"6,850 votes"
626,"1,716 votes"
627,326 votes
628,893 votes
629,"7,539 votes"
630,"3,964 votes"
631,"4,189 votes"
632,675 votes
633,"1,388 votes"
634,27 votes
635,"1,405 votes"
636,"2,514 votes"
637,"1,480 votes"
638,"1,276 votes"
639,"2,405 votes"
640,"1,244 votes"
641,"2,779 votes"
642,35 votes
643,"2,052 votes"
644,350 votes
645,504 votes
646,37 votes
647,176 votes
648,"5,631 votes"
649,"17,198 votes"
650,30 votes
651,"1,301 votes"
652,"1,094 votes"
653,"3,474 votes"
654,"1,059 votes"
655,"1,777 votes"
656,979 votes
657,38 votes
658,32 votes
659,"12,166 votes"
660,744 votes
661,565 votes
662,"2,339 votes"
663,51 votes
664,636 votes
665,"1,370 votes"
666,117 votes
667,"1,915 votes"
668,"1,485 votes"
669,"2,206 votes"
670,337 votes
671,194 votes
672,"71,635 votes"
673,401 votes
674,511 votes
675,"37,346 votes"
676,"1,316 votes"
677,"51,778 votes"
678,"4,053 votes"
679,105 votes
680,"118,693 votes"
681,450 votes
682,408 votes
683,110 votes
684,"9,197 votes"
685,16 votes
686,"142,489 votes"
687,72 votes
688,110 votes
689,616 votes
690,98 votes
691,"1,757 votes"
692,121 votes
693,"72,434 votes"
694,"3,102 votes"
695,"2,629 votes"
696,736 votes
697,259 votes
698,"1,469 votes"
699,"6,113 votes"
700,217 votes
701,"2,643 votes"
702,"24,075 votes"
703,40 votes
704,"1,157 votes"
705,135 votes
706,66 votes
707,81 votes
708,"55,588 votes"
709,179 votes
710,78 votes
711,498 votes
712,"1,138 votes"
713,"4,358 votes"
714,923 votes
715,25 votes
716,470 votes
717,"81,876 votes"
718,157 votes
719,"2,268 votes"
720,129 votes
721,"85,484 votes"
722,286 votes
723,"1,629 votes"
724,311 votes
725,"144,008 votes"
726,53 votes
727,"80,111 votes"
728,"1,773 votes"
729,252 votes
730,161 votes
731,63 votes
732,"49,876 votes"
733,"147,166 votes"
734,"1,508 votes"
735,823 votes
736,"7,617 votes"
737,301 votes
738,"25,915 votes"
739,"107,027 votes"
740,"120,293 votes"
741,"30,280 votes"
742,"99,310 votes"
743,"10,146 votes"
744,"2,087 votes"
745,210 votes
746,"1,168 votes"
747,77 votes
748,"61,880 votes"
749,"47,234 votes"
750,"156,278 votes"
751,32 votes
752,"74,007 votes"
753,674 votes
754,"119,032 votes"
755,"1,582 votes"
756,403 votes
757,193 votes
758,"8,612 votes"
759,66 votes
760,"75,428 votes"
761,"3,244 votes"
762,"122,459 votes"
763,"1,335 votes"
764,"36,465 votes"
765,874 votes
766,784 votes
767,156 votes
768,852 votes
769,20 votes
770,"4,172 votes"
771,"91,704 votes"
772,120 votes
773,448 votes
774,"372,535 votes"
775,66 votes
776,"3,882 votes"
777,989 votes
778,"6,242 votes"
779,673 votes
780,"7,764 votes"
781,"1,499 votes"
782,"193,646 votes"
783,"4,487 votes"
784,99 votes
785,"3,150 votes"
786,"5,413 votes"
787,"270,717 votes"
788,"263,440 votes"
789,57 votes
790,125 votes
791,"139,986 votes"
792,"64,812 votes"
793,"1,225 votes"
794,"122,518 votes"
795,"120,536 votes"
796,"3,673 votes"
797,747 votes
798,313 votes
799,"1,323 votes"
800,609 votes
801,"294,955 votes"
802,"18,872 votes"
803,123 votes
804,68 votes
805,"145,113 votes"
806,35 votes
807,377 votes
808,"1,479 votes"
809,"118,371 votes"
810,"4,842 votes"
811,"82,089 votes"
812,"1,782 votes"
813,229 votes
814,"3,955 votes"
815,214 votes
816,372 votes
817,"2,643 votes"
818,"55,972 votes"
819,"3,423 votes"
820,715 votes
821,"15,116 votes"
822,340 votes
823,"86,602 votes"
824,131 votes
825,"111,430 votes"
826,28 votes
827,609 votes
828,368 votes
829,"2,553 votes"
830,273 votes
831,"6,051 votes"
832,898 votes
833,"1,337 votes"
834,580 votes
835,"89,011 votes"
836,"91,954 votes"
837,610 votes
838,444 votes
839,"3,756 votes"
840,323 votes
841,242 votes
842,47 votes
843,"38,752 votes"
844,"1,165 votes"
845,215 votes
846,"272,583 votes"
847,"1,740 votes"
848,993 votes
849,24 votes
850,"4,970 votes"
851,51 votes
852,818 votes
853,"3,709 votes"
854,"1,211 votes"
855,"10,430 votes"
856,"226,872 votes"
857,663 votes
858,"14,534 votes"
859,"43,197 votes"
860,838 votes
861,53 votes
862,577 votes
863,309 votes
864,236 votes
865,36 votes
866,408 votes
867,363 votes
868,"469,120 votes"
869,"9,253 votes"
870,"3,298 votes"
871,925 votes
872,830 votes
873,"121,011 votes"
874,"29,698 votes"
875,360 votes
876,"2,306 votes"
877,60 votes
878,249 votes
879,"49,703 votes"
880,"35,779 votes"
881,"1,308 votes"
882,47 votes
883,"1,582 votes"
884,"3,375 votes"
885,"4,764 votes"
886,"21,634 votes"
887,"1,476 votes"
888,"26,613 votes"
889,"15,048 votes"
890,"182,866 votes"
891,"102,519 votes"
892,"149,552 votes"
893,"3,123 votes"
894,"16,245 votes"
895,"26,680 votes"
896,419 votes
897,"17,157 votes"
898,"192,643 votes"
899,"4,098 votes"
900,"2,738 votes"
901,"4,359 votes"
902,"5,478 votes"
903,"2,030 votes"
904,"5,325 votes"
905,282 votes
906,"26,277 votes"
907,18 votes
908,"48,091 votes"
909,"46,182 votes"
910,178 votes
911,"4,855 votes"
912,36 votes
913,366 votes
914,257 votes
915,"21,427 votes"
916,103 votes
917,8 votes
918,"17,477 votes"
919,"29,736 votes"
920,718 votes
921,274 votes
922,"37,649 votes"
923,"20,757 votes"
924,"4,658 votes"
925,"12,986 votes"
926,57 votes
927,"50,384 votes"
928,"28,258 votes"
929,93 votes
930,"4,695 votes"
931,"2,550 votes"
932,172 votes
933,"2,210 votes"
934,52 votes
935,"71,227 votes"
936,82 votes
937,"2,255 votes"
938,"14,108 votes"
939,"16,814 votes"
940,42 votes
941,"20,173 votes"
942,"64,527 votes"
943,121 votes
944,"1,442 votes"
945,"1,513 votes"
946,598 votes
947,255 votes
948,360 votes
949,512 votes
950,"1,651 votes"
951,83 votes
952,"2,809 votes"
953,"1,611 votes"
954,"44,702 votes"
955,233 votes
956,"10,804 votes"
957,"145,021 votes"
958,209 votes
959,273 votes
960,"64,189 votes"
961,63 votes
962,25 votes
963,"1,128 votes"
964,37 votes
965,"1,935 votes"
966,"7,474 votes"
967,"16,310 votes"
968,322 votes
969,845 votes
970,"5,355 votes"
971,"270,783 votes"
972,"18,360 votes"
973,318 votes
974,"15,169 votes"
975,"31,695 votes"
976,"1,995 votes"
977,"7,997 votes"
978,39 votes
979,612 votes
980,"62,135 votes"
981,12 votes
982,57 votes
983,845 votes
984,73 votes
985,"53,335 votes"
986,"149,235 votes"
987,"8,568 votes"
988,100 votes
989,"52,381 votes"
990,"144,313 votes"
991,968 votes
992,476 votes
993,344 votes
994,54 votes
995,"3,933 votes"
996,"1,497 votes"
997,317 votes
998,306 votes
999,"9,350 votes"
1000,"175,577 votes"
1001,"1,633 votes"
1002,"1,591 votes"
1003,"8,719 votes"
1004,523 votes
1005,"144,149 votes"
1006,"14,568 votes"
1007,"85,657 votes"
1008,"2,963 votes"
1009,"2,511 votes"
1010,234 votes
1011,365 votes
1012,"5,761 votes"
1013,164 votes
1014,46 votes
1015,"1,707 votes"
1016,"5,082 votes"
1017,"1,782 votes"
1018,"2,819 votes"
1019,499 votes
1020,"50,559 votes"
1021,"31,337 votes"
1022,"62,765 votes"
1023,"7,408 votes"
1024,"37,283 votes"
1025,"9,673 votes"
1026,"4,308 votes"
1027,382 votes
1028,"1,401 votes"
1029,"29,304 votes"
1030,"29,855 votes"
1031,"4,125 votes"
1032,"1,672 votes"
1033,"5,796 votes"
1034,"19,263 votes"
1035,"15,105 votes"
1036,"47,871 votes"
1037,"38,357 votes"
1038,"5,491 votes"
1039,"5,483 votes"
1040,"14,913 votes"
1041,"2,281 votes"
1042,"30,412 votes"
1043,"3,955 votes"
1044,"10,602 votes"
1045,"6,644 votes"
1046,"4,962 votes"
1047,"2,351 votes"
1048,"21,425 votes"
1049,"10,177 votes"
1050,"3,718 votes"
1051,"4,166 votes"
1052,"167,267 votes"
1053,"18,352 votes"
1054,"12,093 votes"
1055,64 votes
1056,"8,526 votes"
1057,"6,533 votes"
1058,"9,419 votes"
1059,"6,766 votes"
1060,"5,794 votes"
1061,"9,773 votes"
1062,"5,330 votes"
1063,"15,839 votes"
1064,770 votes
1065,"14,063 votes"
1066,"3,671 votes"
1067,"1,920 votes"
1068,"13,497 votes"
1069,690 votes
1070,"2,259 votes"
1071,"104,792 votes"
1072,"19,790 votes"
1073,"9,751 votes"
1074,"10,066 votes"
1075,"7,627 votes"
1076,"3,808 votes"
1077,"4,306 votes"
1078,"13,641 votes"
1079,"2,006 votes"
1080,"11,347 votes"
1081,448 votes
1082,"2,889 votes"
1083,"6,435 votes"
1084,48 votes
1085,"14,430 votes"
1086,"8,230 votes"
1087,487 votes
1088,"3,375 votes"
1089,"3,396 votes"
1090,"10,282 votes"
1091,"6,254 votes"
1092,"2,143 votes"
1093,774 votes
1094,"1,514 votes"
1095,"2,297 votes"
1096,"1,487 votes"
1097,"5,287 votes"
1098,536 votes
1099,"6,364 votes"
1100,"6,360 votes"
1101,"26,139 votes"
1102,"2,577 votes"
1103,"4,086 votes"
1104,"1,714 votes"
1105,"9,753 votes"
1106,"2,828 votes"
1107,875 votes
1108,"1,920 votes"
1109,"8,223 votes"
1110,"8,223 votes"
1111,"11,367 votes"
1112,"5,844 votes"
1113,"1,657 votes"
1114,"9,664 votes"
1115,"1,115 votes"
1116,637 votes
1117,"1,285 votes"
1118,"11,690 votes"
1119,"6,108 votes"
1120,"8,258 votes"
1121,"3,466 votes"
1122,999 votes
1123,"2,028 votes"
1124,16 votes
1125,"2,678 votes"
1126,"4,127 votes"
1127,"1,403 votes"
1128,"5,979 votes"
1129,"11,376 votes"
1130,865 votes
1131,577 votes
1132,48 votes
1133,199 votes
1134,"124,797 votes"
1135,"246,289 votes"
1136,52 votes
1137,463 votes
1138,"1,232 votes"
1139,"1,711 votes"
1140,"5,910 votes"
1141,"23,323 votes"
1142,"1,368 votes"
1143,"1,102 votes"
1144,"3,760 votes"
1145,"50,820 votes"
1146,445 votes
1147,911 votes
1148,157 votes
1149,"67,937 votes"
1150,"4,302 votes"
1151,"5,243 votes"
1152,888 votes
1153,"7,736 votes"
1154,"10,324 votes"
1155,"4,929 votes"
1156,"2,511 votes"
1157,"4,170 votes"
1158,261 votes
1159,44 votes
1160,650 votes
1161,"1,141 votes"
1162,"69,061 votes"
1163,"154,449 votes"
1164,"3,555 votes"
1165,"125,291 votes"
1166,598 votes
1167,"71,637 votes"
1168,"4,169 votes"
1169,"10,310 votes"
1170,365 votes
1171,61 votes
1172,"4,304 votes"
1173,"3,142 votes"
1174,"129,463 votes"
1175,270 votes
1176,178 votes
1177,"8,548 votes"
1178,894 votes
1179,"2,636 votes"
1180,"2,702 votes"
1181,157 votes
1182,"75,546 votes"
1183,202 votes
1184,"5,392 votes"
1185,"71,332 votes"
1186,"6,208 votes"
1187,"105,371 votes"
1188,450 votes
1189,"2,796 votes"
1190,157 votes
1191,635 votes
1192,"75,274 votes"
1193,"11,283 votes"
1194,"1,240 votes"
1195,169 votes
1196,63 votes
1197,759 votes
1198,189 votes
1199,"6,778 votes"
1200,153 votes
1201,"1,032 votes"
1202,"33,398 votes"
1203,"62,667 votes"
1204,"17,210 votes"
1205,191 votes
1206,"2,750 votes"
1207,987 votes
1208,"74,722 votes"
1209,"80,034 votes"
1210,"55,647 votes"
1211,"18,655 votes"
1212,"5,254 votes"
1213,"182,024 votes"
1214,"1,512 votes"
1215,"35,457 votes"
1216,"3,134 votes"
1217,"2,525 votes"
1218,"1,521 votes"
1219,47 votes
1220,253 votes
1221,"1,355 votes"
1222,"1,806 votes"
1223,"27,853 votes"
1224,"2,642 votes"
1225,49 votes
1226,"4,679 votes"
1227,639 votes
1228,538 votes
1229,"3,910 votes"
1230,"25,794 votes"
1231,"38,268 votes"
1232,"3,850 votes"
1233,51 votes
1234,"53,921 votes"
1235,"30,654 votes"
1236,121 votes
1237,"4,848 votes"
1238,"2,303 votes"
1239,"5,590 votes"
1240,"184,094 votes"
1241,59 votes
1242,226 votes
1243,280 votes
1244,"2,707 votes"
1245,"1,285 votes"
1246,"12,194 votes"
1247,522 votes
1248,"19,531 votes"
1249,276 votes
1250,"1,200 votes"
1251,11 votes
1252,"124,443 votes"
1253,"3,390 votes"
1254,66 votes
1255,"6,337 votes"
1256,"25,768 votes"
1257,"2,634 votes"
1258,913 votes
1259,575 votes
1260,189 votes
1261,"156,411 votes"
1262,412 votes
1263,938 votes
1264,687 votes
1265,"64,300 votes"
1266,23 votes
1267,"2,211 votes"
1268,"50,607 votes"
1269,80 votes
1270,139 votes
1271,"2,259 votes"
1272,"1,568 votes"
1273,30 votes
1274,300 votes
1275,"1,212 votes"
1276,197 votes
1277,762 votes
1278,304 votes
1279,"8,124 votes"
1280,"1,244 votes"
1281,"8,479 votes"
1282,"1,094 votes"
1283,113 votes
1284,153 votes
1285,33 votes
1286,"4,731 votes"
1287,712 votes
1288,679 votes
1289,"5,472 votes"
1290,"57,069 votes"
1291,"21,035 votes"
1292,76 votes
1293,"241,268 votes"
1294,198 votes
1295,320 votes
1296,"17,903 votes"
1297,694 votes
1298,990 votes
1299,356 votes
1300,"31,184 votes"
1301,237 votes
1302,205 votes
1303,130 votes
1304,134 votes
1305,139 votes
1306,"1,318 votes"
1307,"30,208 votes"
1308,"1,567 votes"
1309,222 votes
1310,17 votes
1311,271 votes
1312,696 votes
1313,"3,894 votes"
1314,"36,478 votes"
1315,"3,483 votes"
1316,"57,767 votes"
1317,"23,269 votes"
1318,25 votes
1319,29 votes
1320,"76,522 votes"
1321,"14,135 votes"
1322,"87,394 votes"
1323,211 votes
1324,"112,177 votes"
1325,944 votes
1326,545 votes
1327,388 votes
1328,17 votes
1329,"34,180 votes"
1330,280 votes
1331,"5,137 votes"
1332,60 votes
1333,"55,103 votes"
1334,"60,885 votes"
1335,"41,813 votes"
1336,"18,915 votes"
1337,789 votes
1338,"3,877 votes"
1339,"3,810 votes"
1340,"12,643 votes"
1341,"1,338 votes"
1342,"151,031 votes"
1343,"24,861 votes"
1344,"1,637 votes"
1345,511 votes
1346,"2,451 votes"
1347,"537,582 votes"
1348,"43,620 votes"
1349,43 votes
1350,"4,340 votes"
1351,"221,545 votes"
1352,403 votes
1353,"4,851 votes"
1354,"11,971 votes"
1355,"1,104 votes"
1356,483 votes
1357,"2,127 votes"
1358,"103,657 votes"
1359,"31,530 votes"
1360,"50,410 votes"
1361,535 votes
1362,"2,986 votes"
1363,452 votes
1364,"2,539 votes"
1365,622 votes
1366,25 votes
1367,"1,669 votes"
1368,699 votes
1369,"3,506 votes"
1370,"7,918 votes"
1371,8 votes
1372,"3,580 votes"
1373,"47,904 votes"
1374,159 votes
1375,734 votes
1376,"214,731 votes"
1377,"3,241 votes"
1378,114 votes
1379,"1,685 votes"
1380,"339,925 votes"
1381,405 votes
1382,"103,354 votes"
1383,"1,012 votes"
1384,"4,106 votes"
1385,"11,635 votes"
1386,226 votes
1387,"60,911 votes"
1388,544 votes
1389,295 votes
1390,774 votes
1391,"2,345 votes"
1392,141 votes
1393,"2,465 votes"
1394,633 votes
1395,40 votes
1396,65 votes
1397,"88,901 votes"
1398,"19,654 votes"
1399,"1,399 votes"
1400,"48,104 votes"
1401,"2,734 votes"
1402,392 votes
1403,"1,103 votes"
1404,297 votes
1405,"4,274 votes"
1406,"3,678 votes"
1407,"132,371 votes"
1408,33 votes
1409,63 votes
1410,253 votes
1411,"7,166 votes"
1412,"128,406 votes"
1413,"1,163 votes"
1414,417 votes
1415,23 votes
1416,"52,241 votes"
1417,50 votes
1418,266 votes
1419,"69,163 votes"
1420,"185,686 votes"
1421,"5,818 votes"
1422,352 votes
1423,"3,194 votes"
1424,"2,689 votes"
1425,"13,651 votes"
1426,"7,233 votes"
1427,"12,031 votes"
1428,258 votes
1429,"10,435 votes"
1430,"2,080 votes"
1431,355 votes
1432,958 votes
1433,"20,551 votes"
1434,"13,117 votes"
1435,"8,415 votes"
1436,"31,691 votes"
1437,"70,894 votes"
1438,406 votes
1439,"7,565 votes"
1440,"3,117 votes"
1441,"3,958 votes"
1442,95 votes
1443,44 votes
1444,"2,308 votes"
1445,"2,861 votes"
1446,"154,848 votes"
1447,"9,248 votes"
1448,461 votes
1449,197 votes
1450,299 votes
1451,640 votes
1452,216 votes
1453,"60,232 votes"
1454,"73,385 votes"
1455,584 votes
1456,"36,854 votes"
1457,"14,287 votes"
1458,302 votes
1459,"69,363 votes"
1460,747 votes
1461,"2,619 votes"
1462,"1,456 votes"
1463,"146,731 votes"
1464,845 votes
1465,508 votes
1466,595 votes
1467,495 votes
1468,69 votes
1469,"100,825 votes"
1470,297 votes
1471,"1,046 votes"
1472,127 votes
1473,"1,162 votes"
1474,"1,317 votes"
1475,58 votes
1476,854 votes
1477,535 votes
1478,497 votes
1479,183 votes
1480,25 votes
1481,"12,361 votes"
1482,"2,501 votes"
1483,"36,951 votes"
1484,926 votes
1485,508 votes
1486,"1,978 votes"
1487,"51,505 votes"
1488,"13,102 votes"
1489,149 votes
1490,833 votes
1491,"1,925 votes"
1492,335 votes
1493,"21,273 votes"
1494,"4,935 votes"
1495,"4,021 votes"
1496,"1,640 votes"
1497,"2,357 votes"
1498,"5,760 votes"
1499,"32,973 votes"
1500,884 votes
1501,95 votes
1502,"54,404 votes"
1503,"45,116 votes"
1504,63 votes
1505,"58,595 votes"
1506,"58,328 votes"
1507,"142,184 votes"
1508,"42,382 votes"
1509,523 votes
1510,31 votes
1511,"2,592 votes"
1512,696 votes
1513,51 votes
1514,104 votes
1515,"130,131 votes"
1516,671 votes
1517,"1,015 votes"
1518,446 votes
1519,834 votes
1520,"52,382 votes"
1521,209 votes
1522,"19,675 votes"
1523,558 votes
1524,346 votes
1525,"2,974 votes"
1526,"5,132 votes"
1527,"3,621 votes"
1528,"1,085 votes"
1529,"1,940 votes"
1530,65 votes
1531,"8,599 votes"
1532,301 votes
1533,"1,469 votes"
1534,"89,426 votes"
1535,"3,087 votes"
1536,"53,875 votes"
1537,"40,758 votes"
1538,"70,127 votes"
1539,"1,004 votes"
1540,572 votes
1541,"8,336 votes"
1542,"7,256 votes"
1543,"1,539 votes"
1544,"34,195 votes"
1545,"4,175 votes"
1546,735 votes
1547,681 votes
1548,"7,842 votes"
1549,"1,950 votes"
1550,"17,279 votes"
1551,"3,078 votes"
1552,"1,704 votes"
1553,"1,392 votes"
1554,"16,550 votes"
1555,233 votes
1556,"19,429 votes"
1557,"114,306 votes"
1558,"1,601 votes"
1559,"67,908 votes"
1560,"89,887 votes"
1561,508 votes
1562,"80,824 votes"
1563,73 votes
1564,"1,525 votes"
1565,"149,629 votes"
1566,"1,495 votes"
1567,"18,840 votes"
1568,"48,472 votes"
1569,"28,449 votes"
1570,163 votes
1571,"3,638 votes"
1572,"50,190 votes"
1573,"2,772 votes"
1574,78 votes
1575,551 votes
1576,"4,240 votes"
1577,"1,206 votes"
1578,"5,075 votes"
1579,"15,878 votes"
1580,"2,898 votes"
1581,439 votes
1582,"5,847 votes"
1583,92 votes
1584,"3,723 votes"
1585,"1,699 votes"
1586,"6,371 votes"
1587,"7,156 votes"
1588,493 votes
1589,"1,730 votes"
1590,13 votes
1591,213 votes
1592,"3,658 votes"
1593,"30,641 votes"
1594,"54,728 votes"
1595,273 votes
1596,"2,845 votes"
1597,"1,454 votes"
1598,"33,222 votes"
1599,"1,119 votes"
1600,"8,909 votes"
1601,"13,911 votes"
1602,"1,052 votes"
1603,"50,855 votes"
1604,275 votes
1605,937 votes
1606,"2,030 votes"
1607,"58,631 votes"
1608,949 votes
1609,"2,982 votes"
1610,997 votes
1611,"6,224 votes"
1612,"1,702 votes"
1613,"34,187 votes"
1614,"3,685 votes"
1615,638 votes
1616,254 votes
1617,"8,500 votes"
1618,"1,705 votes"
1619,"1,780 votes"
1620,"15,399 votes"
1621,"4,865 votes"
1622,56 votes
1623,"1,132 votes"
1624,132 votes
1625,"54,635 votes"
1626,532 votes
1627,194 votes
1628,"2,318 votes"
1629,835 votes
1630,"12,428 votes"
1631,"14,578 votes"
1632,"1,541 votes"
1633,"6,299 votes"
1634,"42,412 votes"
1635,702 votes
1636,133 votes
1637,"13,023 votes"
1638,"4,339 votes"
1639,"2,745 votes"
1640,"8,585 votes"
1641,"1,082 votes"
1642,"2,233 votes"
1643,"79,771 votes"
1644,101 votes
1645,"9,977 votes"
1646,"1,701 votes"
1647,"17,165 votes"
1648,748 votes
1649,69 votes
1650,"31,702 votes"
1651,"118,437 votes"
1652,323 votes
1653,"8,142 votes"
1654,"261,147 votes"
1655,929 votes
1656,804 votes
1657,983 votes
1658,"32,040 votes"
1659,"22,388 votes"
1660,"1,888 votes"
1661,"91,489 votes"
1662,"1,254 votes"
1663,"5,948 votes"
1664,"4,000 votes"
1665,370 votes
1666,227 votes
1667,"19,793 votes"
1668,"29,905 votes"
1669,"11,305 votes"
1670,26 votes
1671,152 votes
1672,"8,605 votes"
1673,149 votes
1674,"120,538 votes"
1675,"3,273 votes"
1676,"4,960 votes"
1677,"5,889 votes"
1678,427 votes
1679,351 votes
1680,"15,107 votes"
1681,"6,259 votes"
1682,"13,193 votes"
1683,"1,657 votes"
1684,"1,104 votes"
1685,"92,788 votes"
1686,279 votes
1687,"3,483 votes"
1688,857 votes
1689,"2,538 votes"
1690,"10,099 votes"
1691,"3,468 votes"
1692,"6,720 votes"
1693,
1694,"13,449 votes"
1695,"89,208 votes"
1696,"3,175 votes"
1697,980 votes
1698,"2,836 votes"
1699,"4,429 votes"
1700,448 votes
1701,462 votes
1702,"3,400 votes"
1703,"1,378 votes"
1704,"13,622 votes"
1705,"122,365 votes"
1706,"27,090 votes"
1707,"29,070 votes"
1708,"2,307 votes"
1709,"31,256 votes"
1710,"1,459 votes"
1711,"2,203 votes"
1712,"2,696 votes"
1713,645 votes
1714,"3,458 votes"
1715,648 votes
1716,"23,796 votes"
1717,"10,068 votes"
1718,"4,591 votes"
1719,386 votes
1720,174 votes
1721,"7,322 votes"
1722,"1,628 votes"
1723,900 votes
1724,78 votes
1725,50 votes
1726,"4,289 votes"
1727,"17,465 votes"
1728,"1,040 votes"
1729,"1,943 votes"
1730,"6,187 votes"
1731,"7,636 votes"
1732,233 votes
1733,"12,432 votes"
1734,202 votes
1735,"48,426 votes"
1736,"33,356 votes"
1737,"45,788 votes"
1738,"81,785 votes"
1739,"130,328 votes"
1740,"78,241 votes"
1741,"49,196 votes"
1742,234 votes
1743,"48,841 votes"
1744,176 votes
1745,"4,283 votes"
1746,605 votes
1747,"1,735 votes"
1748,47 votes
1749,"11,188 votes"
1750,497 votes
1751,"7,788 votes"
1752,"21,249 votes"
1753,"11,621 votes"
1754,"126,995 votes"
1755,"14,475 votes"
1756,286 votes
1757,388 votes
1758,"38,323 votes"
1759,"1,386 votes"
1760,"1,207 votes"
1761,"14,105 votes"
1762,"2,786 votes"
1763,"117,814 votes"
1764,735 votes
1765,"17,331 votes"
1766,52 votes
1767,409 votes
1768,"2,942 votes"
1769,"22,218 votes"
1770,381 votes
1771,526 votes
1772,"17,559 votes"
1773,"7,077 votes"
1774,"1,017 votes"
1775,"2,185 votes"
1776,"60,020 votes"
1777,996 votes
1778,"2,969 votes"
1779,"28,608 votes"
1780,264 votes
1781,"2,708 votes"
1782,"27,192 votes"
1783,"1,815 votes"
1784,84 votes
1785,"5,444 votes"
1786,142 votes
1787,"1,972 votes"
1788,"2,614 votes"
1789,"3,748 votes"
1790,"16,593 votes"
1791,67 votes
1792,"1,895 votes"
1793,"16,011 votes"
1794,"4,708 votes"
1795,320 votes
1796,"6,375 votes"
1797,"2,664 votes"
1798,"10,301 votes"
1799,"2,191 votes"
1800,143 votes
1801,"1,303 votes"
1802,"7,773 votes"
1803,"29,158 votes"
1804,"3,675 votes"
1805,"8,873 votes"
1806,"4,695 votes"
1807,"2,392 votes"
1808,"4,349 votes"
1809,"1,760 votes"
1810,"3,271 votes"
1811,"8,218 votes"
1812,"1,329 votes"
1813,"36,628 votes"
1814,569 votes
1815,"1,252 votes"
1816,168 votes
1817,"6,338 votes"
1818,"6,138 votes"
1819,"43,947 votes"
1820,"4,382 votes"
1821,387 votes
1822,"18,701 votes"
1823,"1,672 votes"
1824,75 votes
1825,"185,665 votes"
1826,"6,504 votes"
1827,"1,355 votes"
1828,127 votes
1829,"1,795 votes"
1830,"41,982 votes"
1831,65 votes
1832,"21,924 votes"
1833,550 votes
1834,"5,167 votes"
1835,"1,690 votes"
1836,118 votes
1837,"8,238 votes"
1838,781 votes
1839,568 votes
1840,"19,491 votes"
1841,"4,372 votes"
1842,"2,543 votes"
1843,44 votes
1844,"1,830 votes"
1845,489 votes
1846,"1,040 votes"
1847,"94,838 votes"
1848,500 votes
1849,"3,216 votes"
1850,119 votes
1851,"1,927 votes"
1852,"3,655 votes"
1853,"1,274 votes"
1854,"11,416 votes"
1855,526 votes
1856,"1,173 votes"
1857,"1,228 votes"
1858,99 votes
1859,"3,360 votes"
1860,"3,338 votes"
1861,"4,503 votes"
1862,"5,812 votes"
1863,632 votes
1864,"6,133 votes"
1865,"4,124 votes"
1866,"6,383 votes"
1867,171 votes
1868,"1,101 votes"
1869,"8,055 votes"
1870,111 votes
1871,66 votes
1872,"146,235 votes"
1873,146 votes
1874,"5,424 votes"
1875,"1,803 votes"
1876,"25,015 votes"
1877,"5,510 votes"
1878,609 votes
1879,"1,339 votes"
1880,"7,910 votes"
1881,"3,236 votes"
1882,"21,749 votes"
1883,501 votes
1884,"6,108 votes"
1885,"5,676 votes"
1886,"205,289 votes"
1887,"1,757 votes"
1888,"9,180 votes"
1889,"5,419 votes"
1890,422 votes
1891,"1,898 votes"
1892,"1,490 votes"
1893,"5,057 votes"
1894,"25,162 votes"
1895,"1,061 votes"
1896,"2,804 votes"
1897,"2,062 votes"
1898,"2,291 votes"
1899,993 votes
1900,"1,126 votes"
1901,65 votes
1902,496 votes
1903,"14,416 votes"
1904,"4,748 votes"
1905,"5,524 votes"
1906,161 votes
1907,172 votes
1908,639 votes
1909,136 votes
1910,"25,870 votes"
1911,"112,668 votes"
1912,367 votes
1913,"1,156 votes"
1914,949 votes
1915,"4,507 votes"
1916,302 votes
1917,"5,250 votes"
1918,691 votes
1919,"3,240 votes"
1920,"21,026 votes"
1921,150 votes
1922,"1,935 votes"
1923,"5,436 votes"
1924,70 votes
1925,434 votes
1926,"6,205 votes"
1927,249 votes
1928,"42,876 votes"
1929,723 votes
1930,"11,391 votes"
1931,868 votes
1932,"39,358 votes"
1933,"1,289 votes"
1934,"2,619 votes"
1935,"15,584 votes"
1936,"39,966 votes"
1937,469 votes
1938,"2,187 votes"
1939,937 votes
1940,979 votes
1941,"18,888 votes"
1942,139 votes
1943,"42,917 votes"
1944,"23,127 votes"
1945,"98,375 votes"
1946,32 votes
1947,852 votes
1948,"1,191 votes"
1949,"9,179 votes"
1950,"7,175 votes"
1951,"45,022 votes"
1952,"21,552 votes"
1953,85 votes
1954,"16,273 votes"
1955,"1,582 votes"
1956,757 votes
1957,"66,279 votes"
1958,"2,989 votes"
1959,383 votes
1960,779 votes
1961,"83,638 votes"
1962,"31,991 votes"
1963,"1,107 votes"
1964,"34,666 votes"
1965,"97,213 votes"
1966,"2,542 votes"
1967,"1,621 votes"
1968,"3,069 votes"
1969,"25,429 votes"
1970,"3,937 votes"
1971,"1,089 votes"
1972,771 votes
1973,"1,640 votes"
1974,"6,112 votes"
1975,"7,397 votes"
1976,54 votes
1977,83 votes
1978,"1,041 votes"
1979,"4,085 votes"
1980,"3,473 votes"
1981,196 votes
1982,"87,275 votes"
1983,885 votes
1984,"167,947 votes"
1985,"1,739 votes"
1986,"3,985 votes"
1987,"3,770 votes"
1988,251 votes
1989,"121,290 votes"
1990,"6,625 votes"
1991,"6,545 votes"
1992,"14,736 votes"
1993,"1,297 votes"
1994,160 votes
1995,523 votes
1996,"2,384 votes"
1997,"102,206 votes"
1998,295 votes
1999,"5,776 votes"
2000,"1,877 votes"
2001,"8,000 votes"
2002,"2,246 votes"
2003,"2,938 votes"
2004,"115,202 votes"
2005,"121,312 votes"
2006,569 votes
2007,"71,449 votes"
2008,"41,647 votes"
2009,"42,197 votes"
2010,"111,955 votes"
2011,"15,765 votes"
2012,"2,751 votes"
2013,"1,748 votes"
2014,"1,286 votes"
2015,"3,474 votes"
2016,"131,783 votes"
2017,"57,996 votes"
2018,"20,296 votes"
2019,"34,016 votes"
2020,"17,460 votes"
2021,"11,422 votes"
2022,"7,767 votes"
2023,"38,528 votes"
2024,"56,924 votes"
2025,"51,313 votes"
2026,"38,844 votes"
2027,"1,648 votes"
2028,"85,730 votes"
2029,"19,610 votes"
2030,"21,514 votes"
2031,"15,034 votes"
2032,"19,437 votes"
2033,"37,951 votes"
2034,"1,111 votes"
2035,"386,500 votes"
2036,"12,310 votes"
2037,"3,778 votes"
2038,"90,830 votes"
2039,"49,165 votes"
2040,"11,731 votes"
2041,"11,568 votes"
2042,"38,983 votes"
2043,"33,184 votes"
2044,"34,030 votes"
2045,"20,662 votes"
2046,"3,079 votes"
2047,"1,931 votes"
2048,"82,835 votes"
2049,"7,052 votes"
2050,"13,568 votes"
2051,"24,961 votes"
2052,"15,046 votes"
2053,"1,535 votes"
2054,"89,041 votes"
2055,"23,804 votes"
2056,"22,926 votes"
2057,"61,278 votes"
2058,"10,046 votes"
2059,"23,366 votes"
2060,"21,450 votes"
2061,"25,918 votes"
2062,"8,509 votes"
2063,"48,088 votes"
2064,"35,137 votes"
2065,"34,902 votes"
2066,"6,972 votes"
2067,"53,501 votes"
2068,"17,209 votes"
2069,"18,590 votes"
2070,"15,959 votes"
2071,"4,041 votes"
2072,"20,220 votes"
2073,"104,024 votes"
2074,"5,554 votes"
2075,"6,661 votes"
2076,"27,297 votes"
2077,"14,725 votes"
2078,"17,370 votes"
2079,"2,071 votes"
2080,"49,977 votes"
2081,26 votes
2082,"34,093 votes"
2083,"35,787 votes"
2084,"183,086 votes"
2085,"24,446 votes"
2086,"44,384 votes"
2087,"8,576 votes"
2088,"80,315 votes"
2089,"11,370 votes"
2090,"20,234 votes"
2091,"5,831 votes"
2092,"25,515 votes"
2093,"45,740 votes"
2094,"32,615 votes"
2095,"5,175 votes"
2096,718 votes
2097,"43,618 votes"
2098,"7,706 votes"
2099,"7,606 votes"
2100,"24,275 votes"
2101,"25,600 votes"
2102,"4,281 votes"
2103,"58,382 votes"
2104,"23,782 votes"
2105,"4,287 votes"
2106,"3,985 votes"
2107,"3,987 votes"
2108,779 votes
2109,"30,110 votes"
2110,"20,141 votes"
2111,"8,544 votes"
2112,"9,765 votes"
2113,"30,184 votes"
2114,"11,487 votes"
2115,"1,374 votes"
2116,"87,846 votes"
2117,"5,636 votes"
2118,"67,507 votes"
2119,677 votes
2120,"2,489 votes"
2121,"83,827 votes"
2122,"16,830 votes"
2123,173 votes
2124,"10,710 votes"
2125,"78,173 votes"
2126,"55,380 votes"
2127,"46,073 votes"
2128,"2,755 votes"
2129,"7,142 votes"
2130,"13,017 votes"
2131,"28,271 votes"
2132,"54,309 votes"
2133,"6,990 votes"
2134,"7,406 votes"
2135,"31,001 votes"
2136,"21,921 votes"
2137,"71,709 votes"
2138,"3,799 votes"
2139,"7,942 votes"
2140,"9,595 votes"
2141,"5,409 votes"
2142,"12,235 votes"
2143,"83,264 votes"
2144,"28,361 votes"
2145,"27,709 votes"
2146,"19,340 votes"
2147,"13,215 votes"
2148,"28,731 votes"
2149,"6,074 votes"
2150,"10,942 votes"
2151,"17,465 votes"
2152,"6,118 votes"
2153,"54,628 votes"
2154,"15,258 votes"
2155,"1,442 votes"
2156,"49,624 votes"
2157,"5,284 votes"
2158,"89,347 votes"
2159,"10,013 votes"
2160,"38,602 votes"
2161,"3,281 votes"
2162,"99,228 votes"
2163,"6,171 votes"
2164,"21,695 votes"
2165,"179,912 votes"
2166,"2,744 votes"
2167,"2,324 votes"
2168,"2,148 votes"
2169,"27,118 votes"
2170,"33,350 votes"
2171,"6,565 votes"
2172,"6,565 votes"
2173,857 votes
2174,"4,899 votes"
2175,30 votes
2176,"11,682 votes"
2177,"4,584 votes"
2178,"14,772 votes"
2179,"62,042 votes"
2180,"1,272 votes"
2181,"2,233 votes"
2182,"9,398 votes"
2183,"20,501 votes"
2184,"3,237 votes"
2185,"20,853 votes"
2186,"47,032 votes"
2187,"3,597 votes"
2188,"11,366 votes"
2189,"21,769 votes"
2190,"2,263 votes"
2191,"28,562 votes"
2192,"35,525 votes"
2193,"21,358 votes"
2194,"12,492 votes"
2195,"6,226 votes"
2196,"6,286 votes"
2197,"1,469 votes"
2198,"12,751 votes"
2199,"22,176 votes"
2200,"14,244 votes"
2201,"17,068 votes"
2202,"29,797 votes"
2203,"1,844 votes"
2204,"8,011 votes"
2205,"6,053 votes"
2206,"23,877 votes"
2207,"7,524 votes"
2208,"7,561 votes"
2209,"12,108 votes"
2210,"27,291 votes"
2211,"23,103 votes"
2212,"21,575 votes"
2213,"18,170 votes"
2214,"9,843 votes"
2215,"7,149 votes"
2216,"13,807 votes"
2217,"12,106 votes"
2218,"2,659 votes"
2219,"5,642 votes"
2220,"8,008 votes"
2221,"12,555 votes"
2222,"111,736 votes"
2223,"30,263 votes"
2224,"5,019 votes"
2225,"58,864 votes"
2226,"20,709 votes"
2227,"10,747 votes"
2228,"3,196 votes"
2229,"14,320 votes"
2230,"23,150 votes"
2231,"11,768 votes"
2232,"21,271 votes"
2233,"34,110 votes"
2234,"4,001 votes"
2235,"5,594 votes"
2236,"4,795 votes"
2237,"2,271 votes"
2238,"4,717 votes"
2239,"5,008 votes"
2240,"2,743 votes"
2241,"1,605 votes"
2242,"4,008 votes"
2243,"188,738 votes"
2244,"2,350 votes"
2245,"14,155 votes"
2246,"76,047 votes"
2247,"12,852 votes"
2248,"23,578 votes"
2249,"54,271 votes"
2250,"1,733 votes"
2251,"3,091 votes"
2252,"9,022 votes"
2253,"3,314 votes"
2254,"21,281 votes"
2255,"11,552 votes"
2256,"1,524 votes"
2257,"1,198 votes"
2258,"55,946 votes"
2259,"71,269 votes"
2260,"4,424 votes"
2261,"12,931 votes"
2262,"3,553 votes"
2263,"7,202 votes"
2264,"7,978 votes"
2265,"9,471 votes"
2266,"1,808 votes"
2267,"17,951 votes"
2268,"4,510 votes"
2269,"1,418 votes"
2270,"6,202 votes"
2271,"3,506 votes"
2272,"7,037 votes"
2273,"25,669 votes"
2274,"2,787 votes"
2275,"1,354 votes"
2276,"40,399 votes"
2277,"68,173 votes"
2278,"1,668 votes"
2279,"7,839 votes"
2280,"4,232 votes"
2281,"12,537 votes"
2282,"4,177 votes"
2283,"3,121 votes"
2284,"5,159 votes"
2285,"22,847 votes"
2286,"1,719 votes"
2287,"3,724 votes"
2288,"5,090 votes"
2289,"2,584 votes"
2290,"10,251 votes"
2291,"65,158 votes"
2292,"10,853 votes"
2293,"3,433 votes"
2294,"17,239 votes"
2295,"1,735 votes"
2296,"5,997 votes"
2297,"2,532 votes"
2298,"1,162 votes"
2299,"4,049 votes"
2300,"4,563 votes"
2301,721 votes
2302,"2,171 votes"
2303,"7,669 votes"
2304,"3,947 votes"
2305,"5,729 votes"
2306,"19,429 votes"
2307,"10,678 votes"
2308,"1,351 votes"
2309,"17,371 votes"
2310,"3,555 votes"
2311,"4,740 votes"
2312,"11,971 votes"
2313,"10,700 votes"
2314,"5,161 votes"
2315,909 votes
2316,"14,744 votes"
2317,"7,739 votes"
2318,"5,341 votes"
2319,"32,253 votes"
2320,"17,794 votes"
2321,"2,191 votes"
2322,"5,153 votes"
2323,"2,561 votes"
2324,"1,223 votes"
2325,"6,317 votes"
2326,"55,604 votes"
2327,"7,233 votes"
2328,"3,293 votes"
2329,"54,520 votes"
2330,"52,474 votes"
2331,"2,325 votes"
2332,"3,188 votes"
2333,"3,005 votes"
2334,"89,189 votes"
2335,"7,399 votes"
2336,"51,759 votes"
2337,591 votes
2338,"24,507 votes"
2339,448 votes
2340,"12,217 votes"
2341,"4,456 votes"
2342,"2,115 votes"
2343,"22,074 votes"
2344,"1,708 votes"
2345,"34,750 votes"
2346,"3,088 votes"
2347,"2,921 votes"
2348,"7,425 votes"
2349,"22,757 votes"
2350,"11,119 votes"
2351,"2,608 votes"
2352,"1,965 votes"
2353,"1,082 votes"
2354,"3,222 votes"
2355,"16,052 votes"
2356,"2,181 votes"
2357,"5,195 votes"
2358,342 votes
2359,"1,886 votes"
2360,"11,152 votes"
2361,"27,252 votes"
2362,950 votes
2363,"80,831 votes"
2364,581 votes
2365,651 votes
2366,"24,054 votes"
2367,"4,751 votes"
2368,"15,449 votes"
2369,"1,827 votes"
2370,"48,976 votes"
2371,"2,658 votes"
2372,"4,563 votes"
2373,"1,646 votes"
2374,"1,836 votes"
2375,"3,928 votes"
2376,"1,630 votes"
2377,"5,230 votes"
2378,"1,655 votes"
2379,"11,263 votes"
2380,"1,813 votes"
2381,954 votes
2382,"5,546 votes"
2383,"1,351 votes"
2384,"48,680 votes"
2385,"6,227 votes"
2386,"2,691 votes"
2387,"14,919 votes"
2388,"4,879 votes"
2389,"1,541 votes"
2390,"12,478 votes"
2391,"9,014 votes"
2392,"6,653 votes"
2393,"42,213 votes"
2394,185 votes
2395,"1,638 votes"
2396,"5,113 votes"
2397,292 votes
2398,"15,759 votes"
2399,"6,956 votes"
2400,"15,108 votes"
2401,"2,363 votes"
2402,"14,045 votes"
2403,759 votes
2404,"2,108 votes"
2405,"9,168 votes"
2406,"3,985 votes"
2407,"15,436 votes"
2408,"4,133 votes"
2409,"5,185 votes"
2410,"7,418 votes"
2411,"10,188 votes"
2412,"2,116 votes"
2413,"2,494 votes"
2414,"3,699 votes"
2415,"14,306 votes"
2416,167 votes
2417,417 votes
2418,"5,240 votes"
2419,"12,837 votes"
2420,"4,479 votes"
2421,"1,972 votes"
2422,"1,516 votes"
2423,"5,032 votes"
2424,"5,698 votes"
2425,"3,636 votes"
2426,"57,592 votes"
2427,"2,606 votes"
2428,"3,991 votes"
2429,"8,238 votes"
2430,"2,373 votes"
2431,"8,397 votes"
2432,"21,918 votes"
2433,"2,574 votes"
2434,"2,231 votes"
2435,"4,312 votes"
2436,"7,050 votes"
2437,"31,091 votes"
2438,998 votes
2439,"7,620 votes"
2440,"44,750 votes"
2441,528 votes
2442,"7,848 votes"
2443,"5,987 votes"
2444,"1,421 votes"
2445,"9,649 votes"
2446,"3,279 votes"
2447,"2,341 votes"
2448,"2,480 votes"
2449,327 votes
2450,300 votes
2451,"1,822 votes"
2452,"10,476 votes"
2453,"14,305 votes"
2454,"1,763 votes"
2455,"2,207 votes"
2456,264 votes
2457,"2,130 votes"
2458,"4,215 votes"
2459,"3,869 votes"
2460,"1,717 votes"
2461,"1,254 votes"
2462,"36,931 votes"
2463,"10,645 votes"
2464,"23,401 votes"
2465,"6,778 votes"
2466,"5,032 votes"
2467,"35,961 votes"
2468,62 votes
2469,"5,972 votes"
2470,382 votes
2471,"1,207 votes"
2472,"1,829 votes"
2473,"2,701 votes"
2474,"30,070 votes"
2475,"4,969 votes"
2476,"1,382 votes"
2477,"6,739 votes"
2478,"6,940 votes"
2479,"2,607 votes"
2480,"2,758 votes"
2481,"5,407 votes"
2482,"118,190 votes"
2483,"7,424 votes"
2484,"8,069 votes"
2485,"2,355 votes"
2486,15 votes
2487,"2,955 votes"
2488,"53,302 votes"
2489,"52,096 votes"
2490,"30,449 votes"
2491,"2,630 votes"
2492,"25,615 votes"
2493,"12,920 votes"
2494,"4,258 votes"
2495,"3,954 votes"
2496,"2,463 votes"
2497,"17,598 votes"
2498,"3,574 votes"
2499,"14,251 votes"
2500,"1,552 votes"
2501,"10,231 votes"
2502,962 votes
2503,402 votes
2504,"7,445 votes"
2505,603 votes
2506,"2,345 votes"
2507,"1,064 votes"
2508,"11,256 votes"
2509,255 votes
2510,"10,699 votes"
2511,"3,061 votes"
2512,"4,517 votes"
2513,696 votes
2514,"4,290 votes"
2515,925 votes
2516,"1,792 votes"
2517,701 votes
2518,"11,261 votes"
2519,"1,161 votes"
2520,"21,893 votes"
2521,493 votes
2522,"5,949 votes"
2523,"1,409 votes"
2524,20 votes
2525,679 votes
2526,23 votes
2527,"2,406 votes"
2528,207 votes
2529,"7,913 votes"
2530,330 votes
2531,591 votes
2532,"17,459 votes"
2533,"1,215 votes"
2534,"1,514 votes"
2535,"1,007 votes"
2536,220 votes
2537,"26,273 votes"
2538,"30,942 votes"
2539,"6,530 votes"
2540,"4,265 votes"
2541,"13,408 votes"
2542,829 votes
2543,"7,807 votes"
2544,"18,583 votes"
2545,"3,256 votes"
2546,"3,133 votes"
2547,"7,497 votes"
2548,323 votes
2549,766 votes
2550,"2,396 votes"
2551,458 votes
2552,58 votes
2553,311 votes
2554,196 votes
2555,85 votes
2556,"19,163 votes"
2557,219 votes
2558,"1,105 votes"
2559,121 votes
2560,"18,749 votes"
2561,541 votes
2562,"3,853 votes"
2563,234 votes
2564,"2,001 votes"
2565,"2,518 votes"
2566,"2,616 votes"
2567,"1,399 votes"
2568,"13,454 votes"
2569,355 votes
2570,"4,346 votes"
2571,"4,419 votes"
2572,"2,308 votes"
2573,"5,654 votes"
2574,"2,422 votes"
2575,555 votes
2576,"1,313 votes"
2577,907 votes
2578,"4,652 votes"
2579,"2,174 votes"
2580,724 votes
2581,"20,759 votes"
2582,"5,982 votes"
2583,"4,451 votes"
2584,"3,589 votes"
2585,202 votes
2586,"1,099 votes"
2587,276 votes
2588,"3,636 votes"
2589,361 votes
2590,827 votes
2591,"3,918 votes"
2592,952 votes
2593,39 votes
2594,"1,026 votes"
2595,"3,253 votes"
2596,582 votes
2597,772 votes
2598,"20,058 votes"
2599,"7,710 votes"
2600,"2,636 votes"
2601,"1,479 votes"
2602,"3,513 votes"
2603,"1,250 votes"
2604,122 votes
2605,"5,728 votes"
2606,"5,098 votes"
2607,"11,580 votes"
2608,957 votes
2609,"4,519 votes"
2610,"23,020 votes"
2611,"2,192 votes"
2612,"33,700 votes"
2613,"2,257 votes"
2614,"5,744 votes"
2615,200 votes
2616,771 votes
2617,"3,563 votes"
2618,25 votes
2619,915 votes
2620,419 votes
2621,220 votes
2622,523 votes
2623,"2,977 votes"
2624,207 votes
2625,429 votes
2626,94 votes
2627,"3,327 votes"
2628,"6,525 votes"
2629,256 votes
2630,"3,040 votes"
2631,"1,586 votes"
2632,"3,073 votes"
2633,722 votes
2634,332 votes
2635,173 votes
2636,182 votes
2637,"7,088 votes"
2638,"2,528 votes"
2639,"4,771 votes"
2640,"2,432 votes"
2641,22 votes
2642,"16,260 votes"
2643,412 votes
2644,92 votes
2645,372 votes
2646,"42,730 votes"
2647,"7,491 votes"
2648,"23,847 votes"
2649,436 votes
2650,"2,194 votes"
2651,44 votes
2652,"5,981 votes"
2653,95 votes
2654,218 votes
2655,435 votes
2656,"11,261 votes"
2657,231 votes
2658,311 votes
2659,52 votes
2660,"9,880 votes"
2661,96 votes
2662,66 votes
2663,246 votes
2664,"5,031 votes"
2665,977 votes
2666,"4,509 votes"
2667,"22,400 votes"
2668,"3,912 votes"
2669,"8,042 votes"
2670,"2,396 votes"
2671,"2,296 votes"
2672,"2,722 votes"
2673,"10,762 votes"
2674,"1,274 votes"
2675,"4,485 votes"
2676,"1,295 votes"
2677,"2,848 votes"
2678,"1,323 votes"
2679,113 votes
2680,358 votes
2681,764 votes
2682,"4,369 votes"
2683,"1,744 votes"
2684,230 votes
2685,62 votes
2686,164 votes
2687,"8,800 votes"
2688,"2,309 votes"
2689,"1,081 votes"
2690,399 votes
2691,"4,241 votes"
2692,489 votes
2693,"1,050 votes"
2694,140 votes
2695,"3,824 votes"
2696,974 votes
2697,"1,288 votes"
2698,"3,951 votes"
2699,"4,548 votes"
2700,321 votes
2701,"1,352 votes"
2702,"2,270 votes"
2703,"6,269 votes"
2704,"10,863 votes"
2705,"9,607 votes"
2706,"1,504 votes"
2707,"3,344 votes"
2708,"3,302 votes"
2709,"5,286 votes"
2710,"2,556 votes"
2711,"10,730 votes"
2712,"4,255 votes"
2713,"7,457 votes"
2714,"1,816 votes"
2715,"13,328 votes"
2716,"1,206 votes"
2717,"1,326 votes"
2718,"7,376 votes"
2719,344 votes
2720,"4,398 votes"
2721,"1,171 votes"
2722,"4,506 votes"
2723,"7,080 votes"
2724,460 votes
2725,"6,353 votes"
2726,46 votes
2727,"4,688 votes"
2728,"1,734 votes"
2729,69 votes
2730,"17,385 votes"
2731,458 votes
2732,69 votes
2733,"8,710 votes"
2734,778 votes
2735,688 votes
2736,752 votes
2737,"25,554 votes"
2738,"2,648 votes"
2739,"10,324 votes"
2740,"19,643 votes"
2741,"9,546 votes"
2742,"4,262 votes"
2743,"3,540 votes"
2744,50 votes
2745,"3,446 votes"
2746,154 votes
2747,"3,236 votes"
2748,606 votes
2749,673 votes
2750,"14,562 votes"
2751,144 votes
2752,"4,321 votes"
2753,"22,008 votes"
2754,634 votes
2755,"8,888 votes"
2756,54 votes
2757,"1,085 votes"
2758,278 votes
2759,270 votes
2760,"9,230 votes"
2761,"1,901 votes"
2762,"17,061 votes"
2763,"2,480 votes"
2764,"1,453 votes"
2765,"53,538 votes"
2766,"11,710 votes"
2767,337 votes
2768,"9,820 votes"
2769,48 votes
2770,"1,095 votes"
2771,"2,635 votes"
2772,"5,547 votes"
2773,166 votes
2774,607 votes
2775,"4,448 votes"
2776,"23,947 votes"
2777,"7,576 votes"
2778,"4,730 votes"
2779,"19,212 votes"
2780,"1,751 votes"
2781,"5,590 votes"
2782,"1,685 votes"
2783,"9,243 votes"
2784,"1,380 votes"
2785,335 votes
2786,"3,298 votes"
2787,"2,748 votes"
2788,"3,882 votes"
2789,779 votes
2790,"4,104 votes"
2791,"4,026 votes"
2792,926 votes
2793,"4,335 votes"
2794,"4,481 votes"
2795,700 votes
2796,923 votes
2797,939 votes
2798,"1,519 votes"
2799,"3,236 votes"
2800,547 votes
2801,"3,035 votes"
2802,417 votes
2803,743 votes
2804,477 votes
2805,"2,299 votes"
2806,"1,846 votes"
2807,124 votes
2808,"3,042 votes"
2809,"1,982 votes"
2810,"1,419 votes"
2811,"2,200 votes"
2812,"14,448 votes"
2813,540 votes
2814,"20,281 votes"
2815,"1,891 votes"
2816,137 votes
2817,185 votes
2818,212 votes
2819,620 votes
2820,"3,566 votes"
2821,834 votes
2822,500 votes
2823,"3,463 votes"
2824,412 votes
2825,38 votes
2826,"8,454 votes"
2827,"1,863 votes"
2828,"4,195 votes"
2829,"5,109 votes"
2830,"24,504 votes"
2831,"35,236 votes"
2832,"10,624 votes"
2833,"5,382 votes"
2834,"1,162 votes"
2835,"2,615 votes"
2836,124 votes
2837,"1,345 votes"
2838,"3,049 votes"
2839,807 votes
2840,142 votes
2841,184 votes
2842,"1,340 votes"
2843,"14,931 votes"
2844,218 votes
2845,"8,252 votes"
2846,"3,052 votes"
2847,"11,738 votes"
2848,"16,517 votes"
2849,862 votes
2850,"5,525 votes"
2851,337 votes
2852,"2,245 votes"
2853,"3,032 votes"
2854,"4,379 votes"
2855,21 votes
2856,"3,755 votes"
2857,592 votes
2858,"1,453 votes"
2859,93 votes
2860,"18,506 votes"
2861,"4,434 votes"
2862,93 votes
2863,361 votes
2864,239 votes
2865,"2,998 votes"
2866,"7,561 votes"
2867,76 votes
2868,449 votes
2869,"19,830 votes"
2870,"4,503 votes"
2871,"1,704 votes"
2872,"1,782 votes"
2873,"12,874 votes"
2874,"2,483 votes"
2875,"13,224 votes"
2876,"2,368 votes"
2877,67 votes
2878,"1,053 votes"
2879,"22,661 votes"
2880,"1,018 votes"
2881,"1,303 votes"
2882,105 votes
2883,35 votes
2884,"1,204 votes"
2885,"5,554 votes"
2886,374 votes
2887,"8,402 votes"
2888,607 votes
2889,79 votes
2890,"2,582 votes"
2891,"8,807 votes"
2892,252 votes
2893,26 votes
2894,"1,589 votes"
2895,131 votes
2896,"5,845 votes"
2897,608 votes
2898,489 votes
2899,"7,661 votes"
2900,"3,302 votes"
2901,374 votes
2902,413 votes
2903,841 votes
2904,267 votes
2905,583 votes
2906,"1,847 votes"
2907,"1,556 votes"
2908,"1,569 votes"
2909,"2,854 votes"
2910,32 votes
2911,"7,542 votes"
2912,"2,577 votes"
2913,909 votes
2914,"1,027 votes"
2915,606 votes
2916,"6,931 votes"
2917,917 votes
2918,"1,122 votes"
2919,885 votes
2920,422 votes
2921,76 votes
2922,"8,157 votes"
2923,341 votes
2924,572 votes
2925,"1,535 votes"
2926,"2,866 votes"
2927,836 votes
2928,456 votes
2929,33 votes
2930,401 votes
2931,554 votes
2932,"3,817 votes"
2933,"14,569 votes"
2934,"2,436 votes"
2935,7 votes
2936,"2,443 votes"
2937,"1,790 votes"
2938,"2,164 votes"
2939,857 votes
2940,208 votes
2941,994 votes
2942,"2,357 votes"
2943,"1,550 votes"
2944,35 votes
2945,435 votes
2946,495 votes
2947,"2,268 votes"
2948,407 votes
2949,"3,216 votes"
2950,55 votes
2951,"5,655 votes"
2952,367 votes
2953,"12,493 votes"
2954,"7,571 votes"
2955,558 votes
2956,"26,785 votes"
2957,"1,183 votes"
2958,"3,384 votes"
2959,"1,410 votes"
2960,"2,256 votes"
2961,"10,163 votes"
2962,858 votes
2963,"2,889 votes"
2964,550 votes
2965,"2,879 votes"
2966,34 votes
2967,998 votes
2968,480 votes
2969,"3,518 votes"
2970,"4,700 votes"
2971,712 votes
2972,56 votes
2973,"1,095 votes"
2974,"1,467 votes"
2975,155 votes
2976,800 votes
2977,788 votes
2978,689 votes
2979,"12,962 votes"
2980,677 votes
2981,"14,586 votes"
2982,"1,707 votes"
2983,"2,193 votes"
2984,"1,526 votes"
2985,626 votes
2986,171 votes
2987,651 votes
2988,"4,214 votes"
2989,250 votes
2990,"1,945 votes"
2991,"3,230 votes"
2992,"5,397 votes"
2993,"1,004 votes"
2994,35 votes
2995,684 votes
2996,"2,143 votes"
2997,"3,144 votes"
2998,"1,243 votes"
2999,41 votes
3000,"1,360 votes"
3001,"4,700 votes"
3002,249 votes
3003,297 votes
3004,"1,088 votes"
3005,890 votes
3006,473 votes
3007,"3,559 votes"
3008,"1,626 votes"
3009,"1,207 votes"
3010,"5,608 votes"
3011,"11,799 votes"
3012,"7,172 votes"
3013,
3014,"4,368 votes"
3015,167 votes
3016,"1,225 votes"
3017,485 votes
3018,258 votes
3019,"1,085 votes"
3020,208 votes
3021,525 votes
3022,410 votes
3023,392 votes
3024,440 votes
3025,159 votes
3026,171 votes
3027,329 votes
3028,"15,042 votes"
3029,759 votes
3030,231 votes
3031,172 votes
3032,158 votes
3033,"2,872 votes"
3034,123 votes
3035,"4,335 votes"
3036,272 votes
3037,473 votes
3038,"2,714 votes"
3039,34 votes
3040,"3,547 votes"
3041,32 votes
3042,"3,590 votes"
3043,"12,279 votes"
3044,236 votes
3045,"1,383 votes"
3046,238 votes
3047,677 votes
3048,467 votes
3049,"3,141 votes"
3050,"3,102 votes"
3051,66 votes
3052,248 votes
3053,35 votes
3054,"7,011 votes"
3055,"1,802 votes"
3056,"2,107 votes"
3057,"2,397 votes"
3058,117 votes
3059,333 votes
3060,"3,841 votes"
3061,104 votes
3062,"3,915 votes"
3063,19 votes
3064,132 votes
3065,"2,129 votes"
3066,806 votes
3067,212 votes
3068,"3,163 votes"
3069,"2,219 votes"
3070,98 votes
3071,"2,593 votes"
3072,783 votes
3073,"33,993 votes"
3074,133 votes
3075,92 votes
3076,"1,988 votes"
3077,"1,336 votes"
3078,"1,063 votes"
3079,398 votes
3080,"4,119 votes"
3081,"2,726 votes"
3082,"2,282 votes"
3083,21 votes
3084,"2,295 votes"
3085,"4,240 votes"
3086,755 votes
3087,96 votes
3088,"1,975 votes"
3089,"1,016 votes"
3090,716 votes
3091,"1,010 votes"
3092,"2,193 votes"
3093,38 votes
3094,714 votes
3095,39 votes
3096,"4,923 votes"
3097,"3,846 votes"
3098,671 votes
3099,
3100,643 votes
3101,"1,078 votes"
3102,394 votes
3103,"1,514 votes"
3104,"9,818 votes"
3105,"2,182 votes"
3106,"8,839 votes"
3107,562 votes
3108,656 votes
3109,"1,980 votes"
3110,108 votes
3111,"3,675 votes"
3112,424 votes
3113,625 votes
3114,"7,711 votes"
3115,"2,640 votes"
3116,343 votes
3117,488 votes
3118,"1,549 votes"
3119,"4,240 votes"
3120,"1,076 votes"
3121,"4,409 votes"
3122,"2,182 votes"
3123,297 votes
3124,264 votes
3125,"10,645 votes"
3126,170 votes
3127,58 votes
3128,68 votes
3129,784 votes
3130,380 votes
3131,"1,879 votes"
3132,"5,392 votes"
3133,8 votes
3134,57 votes
3135,76 votes
3136,"1,548 votes"
3137,51 votes
3138,117 votes
3139,"4,366 votes"
3140,"1,895 votes"
3141,257 votes
3142,212 votes
3143,57 votes
3144,43 votes
3145,78 votes
3146,574 votes
3147,"21,786 votes"
3148,76 votes
3149,594 votes
3150,491 votes
3151,706 votes
3152,"1,422 votes"
3153,948 votes
3154,347 votes
3155,537 votes
3156,60 votes
3157,183 votes
3158,356 votes
3159,"2,166 votes"
3160,"1,007 votes"
3161,886 votes
3162,"1,069 votes"
3163,"3,146 votes"
3164,506 votes
3165,479 votes
3166,125 votes
3167,689 votes
3168,296 votes
3169,"1,592 votes"
3170,"3,574 votes"
3171,129 votes
3172,745 votes
3173,373 votes
3174,"1,029 votes"
3175,115 votes
3176,"1,522 votes"
3177,105 votes
3178,530 votes
3179,43 votes
3180,"2,328 votes"
3181,68 votes
3182,117 votes
3183,285 votes
3184,403 votes
3185,20 votes
3186,316 votes
3187,"3,779 votes"
3188,70 votes
3189,83 votes
3190,"7,212 votes"
3191,"1,217 votes"
3192,318 votes
3193,878 votes
3194,"3,996 votes"
3195,910 votes
3196,963 votes
3197,151 votes
3198,615 votes
3199,368 votes
3200,"1,725 votes"
3201,43 votes
3202,473 votes
3203,"6,769 votes"
3204,292 votes
3205,"7,005 votes"
3206,724 votes
3207,524 votes
3208,"1,345 votes"
3209,"6,487 votes"
3210,"4,024 votes"
3211,"2,508 votes"
3212,"11,710 votes"
3213,119 votes
3214,"3,249 votes"
3215,603 votes
3216,362 votes
3217,198 votes
3218,"3,735 votes"
3219,"4,230 votes"
3220,275 votes
3221,"3,370 votes"
3222,73 votes
3223,84 votes
3224,284 votes
3225,"9,920 votes"
3226,846 votes
3227,241 votes
3228,160 votes
3229,409 votes
3230,"6,737 votes"
3231,677 votes
3232,66 votes
3233,330 votes
3234,666 votes
3235,279 votes
3236,389 votes
3237,"5,329 votes"
3238,"16,653 votes"
3239,43 votes
3240,78 votes
3241,381 votes
3242,"1,124 votes"
3243,224 votes
3244,48 votes
3245,71 votes
3246,"1,420 votes"
3247,84 votes
3248,"4,183 votes"
3249,976 votes
3250,30 votes
3251,345 votes
3252,"1,665 votes"
3253,519 votes
3254,297 votes
3255,70 votes
3256,"3,503 votes"
3257,246 votes
3258,834 votes
3259,366 votes
3260,"2,299 votes"
3261,76 votes
3262,"2,838 votes"
3263,"1,737 votes"
3264,715 votes
3265,794 votes
3266,"3,355 votes"
3267,"3,212 votes"
3268,683 votes
3269,279 votes
3270,69 votes
3271,98 votes
3272,"2,103 votes"
3273,"1,396 votes"
3274,380 votes
3275,403 votes
3276,933 votes
3277,46 votes
3278,"8,052 votes"
3279,"5,027 votes"
3280,222 votes
3281,55 votes
3282,14 votes
3283,307 votes
3284,"12,521 votes"
3285,711 votes
3286,"2,577 votes"
3287,304 votes
3288,416 votes
3289,234 votes
3290,"6,338 votes"
3291,272 votes
3292,536 votes
3293,101 votes
3294,"4,015 votes"
3295,"1,739 votes"
3296,38 votes
3297,"1,736 votes"
3298,124 votes
3299,"2,211 votes"
3300,10 votes
3301,808 votes
3302,"14,995 votes"
3303,350 votes
3304,107 votes
3305,103 votes
3306,"2,939 votes"
3307,117 votes
3308,184 votes
3309,"2,704 votes"
3310,71 votes
3311,716 votes
3312,605 votes
3313,282 votes
3314,531 votes
3315,"5,091 votes"
3316,"1,251 votes"
3317,405 votes
3318,48 votes
3319,110 votes
3320,75 votes
3321,649 votes
3322,21 votes
3323,125 votes
3324,198 votes
3325,"5,076 votes"
3326,"1,213 votes"
3327,128 votes
3328,180 votes
3329,"5,568 votes"
3330,195 votes
3331,371 votes
3332,949 votes
3333,"1,516 votes"
3334,"8,007 votes"
3335,857 votes
3336,"1,215 votes"
3337,"2,326 votes"
3338,64 votes
3339,866 votes
3340,953 votes
3341,261 votes
3342,"1,644 votes"
3343,487 votes
3344,895 votes
3345,"4,183 votes"
3346,376 votes
3347,"1,531 votes"
3348,481 votes
3349,"1,080 votes"
3350,181 votes
3351,"9,003 votes"
3352,912 votes
3353,"2,054 votes"
3354,9 votes
3355,436 votes
3356,502 votes
